PAYS,VILLE
BENIN,MONROVIA
CÔTE D'IVOIRE,ABIDJAN
BURKINA FASO,OUAGADOUGOU
MALI,BAMAKO
SENEGAL,DAKAR
PAYS,VILLE
GHANA,ACCRA
CÔTE D'IVOIRE,ABIDJAN
BURKINA FASO,OUAGADOUGOU
MALI,BAMAKO
SENEGAL,DAKAR
PAYS,VILLE
PAYS,VILLE
GHANA,ACCRA
CÔTE D'IVOIRE,ABIDJAN
BURKINA FASO,OUAGADOUGOU
MALI,BAMAKO
SENEGAL,DAKAR
PAYS,VILLE
GHANA,ACCRA
CÔTE D'IVOIRE,ABIDJAN
BURKINA FASO,OUAGADOUGOU
MALI,BAMAKO
SENEGAL,DAKAR
PAYS,VILLE
PAYS,VILLE
GHANA,ACCRA
CÔTE D'IVOIRE,ABIDJAN
BURKINA FASO,OUAGADOUGOU
MALI,BAMAKO
SENEGAL,DAKAR
PAYS,VILLE
GHANA,ACCRA
PAYS,VILLE
GHANA,ACCRA
CÔTE D'IVOIRE,ABIDJAN
BURKINA FASO,OUAGADOUGOU
MALI,BAMAKO
SENEGAL,DAKAR
PAYS,VILLE
GHANA,ACCRA
CÔTE D'IVOIRE,ABIDJAN
BURKINA FASO,OUAGADOUGOU
MALI,BAMAKO
SENEGAL,DAKAR
PAYS,VILLE
GHANA,ACCRA
CÔTE D'IVOIRE,ABIDJAN
BURKINA FASO,OUAGADOUGOU
MALI,BAMAKO
SENEGAL,DAKAR
PAYS,VILLE
GHANA,ACCRA
CÔTE D'IVOIRE,ABIDJAN
BURKINA FASO,OUAGADOUGOU
MALI,BAMAKO
SENEGAL,DAKAR
PAYS,VILLE
PAYS,VILLE
GHANA,ACCRA
CÔTE D'IVOIRE,ABIDJAN
BURKINA FASO,OUAGADOUGOU
MALI,BAMAKO
SENEGAL,DAKAR
PAYS,VILLE
GHANA,ACCRA
CÔTE D'IVOIRE,ABIDJAN
BURKINA FASO,OUAGADOUGOU
MALI,BAMAKO
SENEGAL,DAKAR
PAYS,VILLE
PAYS,VILLE
GHANA,ACCRA
CÔTE D'IVOIRE,ABIDJAN
BURKINA FASO,OUAGADOUGOU
MALI,BAMAKO
SENEGAL,DAKAR
PAYS,VILLE
GHANA,ACCRA
PAYS,VILLE
GHANA,ACCRA
CÔTE D'IVOIRE,ABIDJAN
BURKINA FASO,OUAGADOUGOU
MALI,BAMAKO
SENEGAL,DAKAR
PAYS,VILLE
GHANA,ACCRA
CÔTE D'IVOIRE,ABIDJAN
BURKINA FASO,OUAGADOUGOU
MALI,BAMAKO
SENEGAL,DAKAR
PAYS,VILLE
GHANA,ACCRA
CÔTE D'IVOIRE,ABIDJAN
BURKINA FASO,OUAGADOUGOU
MALI,BAMAKO
SENEGAL,DAKAR
PAYS,VILLE
GHANA,ACCRA
CÔTE D'IVOIRE,ABIDJAN
BURKINA FASO,OUAGADOUGOU
MALI,BAMAKO
SENEGAL,DAKAR
PAYS,VILLE
PAYS,VILLE
GHANA,ACCRA
CÔTE D'IVOIRE,ABIDJAN
BURKINA FASO,OUAGADOUGOU
MALI,BAMAKO
SENEGAL,DAKAR
PAYS,VILLE
GHANA,ACCRA
CÔTE D'IVOIRE,ABIDJAN
BURKINA FASO,OUAGADOUGOU
MALI,BAMAKO
SENEGAL,DAKAR
PAYS,VILLE
PAYS,VILLE
GHANA,ACCRA
CÔTE D'IVOIRE,ABIDJAN
BURKINA FASO,OUAGADOUGOU
MALI,BAMAKO
SENEGAL,DAKAR
PAYS,VILLE
GHANA,ACCRA
PAYS,VILLE
GHANA,ACCRA
CÔTE D'IVOIRE,ABIDJAN
BURKINA FASO,OUAGADOUGOU
MALI,BAMAKO
SENEGAL,DAKAR
PAYS,VILLE
GHANA,ACCRA
CÔTE D'IVOIRE,ABIDJAN
BURKINA FASO,OUAGADOUGOU
MALI,BAMAKO
SENEGAL,DAKAR
PAYS,VILLE
GHANA,ACCRA
CÔTE D'IVOIRE,ABIDJAN
BURKINA FASO,OUAGADOUGOU
MALI,BAMAKO
SENEGAL,DAKAR
PAYS,VILLE
GHANA,ACCRA
CÔTE D'IVOIRE,ABIDJAN
BURKINA FASO,OUAGADOUGOU
MALI,BAMAKO
SENEGAL,DAKAR
PAYS,VILLE
PAYS,VILLE
GHANA,ACCRA
CÔTE D'IVOIRE,ABIDJAN
BURKINA FASO,OUAGADOUGOU
MALI,BAMAKO
SENEGAL,DAKAR
PAYS,VILLE
GHANA,ACCRA
CÔTE D'IVOIRE,ABIDJAN
BURKINA FASO,OUAGADOUGOU
MALI,BAMAKO
SENEGAL,DAKAR
PAYS,VILLE
PAYS,VILLE
GHANA,ACCRA
CÔTE D'IVOIRE,ABIDJAN
BURKINA FASO,OUAGADOUGOU
MALI,BAMAKO
SENEGAL,DAKAR
PAYS,VILLE
GHANA,ACCRA
PAYS,VILLE
GHANA,ACCRA
CÔTE D'IVOIRE,ABIDJAN
BURKINA FASO,OUAGADOUGOU
MALI,BAMAKO
SENEGAL,DAKAR
PAYS,VILLE
GHANA,ACCRA
CÔTE D'IVOIRE,ABIDJAN
BURKINA FASO,OUAGADOUGOU
MALI,BAMAKO
SENEGAL,DAKAR
PAYS,VILLE
GHANA,ACCRA
CÔTE D'IVOIRE,ABIDJAN
BURKINA FASO,OUAGADOUGOU
MALI,BAMAKO
SENEGAL,DAKAR
PAYS,VILLE
GHANA,ACCRA
CÔTE D'IVOIRE,ABIDJAN
BURKINA FASO,OUAGADOUGOU
MALI,BAMAKO
SENEGAL,DAKAR
PAYS,VILLE
PAYS,VILLE
GHANA,ACCRA
CÔTE D'IVOIRE,ABIDJAN
BURKINA FASO,OUAGADOUGOU
MALI,BAMAKO
SENEGAL,DAKAR
PAYS,VILLE
GHANA,ACCRA
CÔTE D'IVOIRE,ABIDJAN
BURKINA FASO,OUAGADOUGOU
MALI,BAMAKO
SENEGAL,DAKAR
PAYS,VILLE
PAYS,VILLE
GHANA,ACCRA
CÔTE D'IVOIRE,ABIDJAN
BURKINA FASO,OUAGADOUGOU
MALI,BAMAKO
SENEGAL,DAKAR
PAYS,VILLE
GHANA,ACCRA
PAYS,VILLE
GHANA,ACCRA
CÔTE D'IVOIRE,ABIDJAN
BURKINA FASO,OUAGADOUGOU
MALI,BAMAKO
SENEGAL,DAKAR
PAYS,VILLE
GHANA,ACCRA
CÔTE D'IVOIRE,ABIDJAN
BURKINA FASO,OUAGADOUGOU
MALI,BAMAKO
SENEGAL,DAKAR
PAYS,VILLE
GHANA,ACCRA
CÔTE D'IVOIRE,ABIDJAN
BURKINA FASO,OUAGADOUGOU
MALI,BAMAKO
SENEGAL,DAKAR
PAYS,VILLE
GHANA,ACCRA
CÔTE D'IVOIRE,ABIDJAN
BURKINA FASO,OUAGADOUGOU
MALI,BAMAKO
SENEGAL,DAKAR
PAYS,VILLE
PAYS,VILLE
GHANA,ACCRA
CÔTE D'IVOIRE,ABIDJAN
BURKINA FASO,OUAGADOUGOU
MALI,BAMAKO
SENEGAL,DAKAR
PAYS,VILLE
GHANA,ACCRA
PAYS,VILLE
GHANA,ACCRA
CÔTE D'IVOIRE,ABIDJAN
BURKINA FASO,OUAGADOUGOU
MALI,BAMAKO
SENEGAL,DAKAR
PAYS,VILLE
GHANA,ACCRA
CÔTE D'IVOIRE,ABIDJAN
BURKINA FASO,OUAGADOUGOU
MALI,BAMAKO
SENEGAL,DAKAR
PAYS,VILLE
PAYS,VILLE
GHANA,ACCRA
CÔTE D'IVOIRE,ABIDJAN
BURKINA FASO,OUAGADOUGOU
MALI,BAMAKO
SENEGAL,DAKAR
PAYS,VILLE
GHANA,ACCRA
CÔTE D'IVOIRE,ABIDJAN
BURKINA FASO,OUAGADOUGOU
MALI,BAMAKO
SENEGAL,DAKAR
PAYS,VILLE
PAYS,VILLE
GHANA,ACCRA
CÔTE D'IVOIRE,ABIDJAN
BURKINA FASO,OUAGADOUGOU
MALI,BAMAKO
SENEGAL,DAKAR
PAYS,VILLE
GHANA,ACCRA
PAYS,VILLE
GHANA,ACCRA
CÔTE D'IVOIRE,ABIDJAN
BURKINA FASO,OUAGADOUGOU
MALI,BAMAKO
PAYS,VILLE
GHANA,ACCRA
CÔTE D'IVOIRE,ABIDJAN
BURKINA FASO,OUAGADOUGOU
MALI,BAMAKO
SENEGAL,DAKAR
PAYS,VILLE
GHANA,ACCRA
CÔTE D'IVOIRE,ABIDJAN
BURKINA FASO,OUAGADOUGOU
